{
  "config": {
    "runs_dir": "outputs",
    "data_path": "data\\nfr.csv",
    "selected_projects": [
      "15",
      "14",
      "13",
      "11",
      "12"
    ],
    "excluded_projects": [
      "1",
      "2",
      "3",
      "4",
      "5",
      "6",
      "7",
      "8",
      "9",
      "10"
    ],
    "pilot_projects": [
      "6",
      "9"
    ],
    "aggregation_method": "dataset-level per run, then mean \u00b1 sample standard deviation across runs",
    "n_runs": 3,
    "run_names": [
      "run-1",
      "run-2",
      "run-3"
    ],
    "missing_files": []
  },
  "rqa_identification": {
    "title": "RQa: NFR identification",
    "nfr_metrics": {
      "precision": {
        "mean": 1.0,
        "std": 0.0,
        "per_run": [
          1.0,
          1.0,
          1.0
        ]
      },
      "recall": {
        "mean": 0.6626016260162602,
        "std": 0.007040856941336906,
        "per_run": [
          0.6707317073170732,
          0.6585365853658537,
          0.6585365853658537
        ]
      },
      "f1": {
        "mean": 0.7970516673822813,
        "std": 0.005081872270668706,
        "per_run": [
          0.8029197080291971,
          0.7941176470588235,
          0.7941176470588235
        ]
      }
    },
    "fr_metrics_supplementary": {
      "precision": {
        "mean": 0.0,
        "std": 0.0,
        "per_run": [
          0.0,
          0.0,
          0.0
        ]
      },
      "recall": {
        "mean": 0.0,
        "std": 0.0,
        "per_run": [
          0.0,
          0.0,
          0.0
        ]
      },
      "f1": {
        "mean": 0.0,
        "std": 0.0,
        "per_run": [
          0.0,
          0.0,
          0.0
        ]
      }
    },
    "sum_confusion_matrix": {
      "FR": {
        "FR": 0,
        "NFR": 0
      },
      "NFR": {
        "FR": 83,
        "NFR": 163
      }
    },
    "mean_confusion_matrix": {
      "FR": {
        "FR": 0.0,
        "NFR": 0.0
      },
      "NFR": {
        "FR": 27.666666666666668,
        "NFR": 54.333333333333336
      }
    }
  },
  "rqb_classification_gold": {
    "title": "RQb: Classification given gold NFRs",
    "target_category_metrics": {
      "performance": {
        "precision": {
          "mean": 0.7177822177822177,
          "std": 0.09039579100013391,
          "per_run": [
            0.6428571428571429,
            0.8181818181818182,
            0.6923076923076923
          ]
        },
        "recall": {
          "mean": 0.9,
          "std": 0.0,
          "per_run": [
            0.9,
            0.9,
            0.9
          ]
        },
        "f1": {
          "mean": 0.796583850931677,
          "std": 0.05492155026033357,
          "per_run": [
            0.75,
            0.8571428571428572,
            0.7826086956521738
          ]
        }
      },
      "security": {
        "precision": {
          "mean": 0.9010989010989011,
          "std": 0.03806705071579956,
          "per_run": [
            0.8571428571428571,
            0.9230769230769231,
            0.9230769230769231
          ]
        },
        "recall": {
          "mean": 1.0,
          "std": 0.0,
          "per_run": [
            1.0,
            1.0,
            1.0
          ]
        },
        "f1": {
          "mean": 0.9476923076923077,
          "std": 0.021317548400847798,
          "per_run": [
            0.923076923076923,
            0.9600000000000001,
            0.9600000000000001
          ]
        }
      },
      "maintainability": {
        "precision": {
          "mean": 0.8571428571428571,
          "std": 0.0,
          "per_run": [
            0.8571428571428571,
            0.8571428571428571,
            0.8571428571428571
          ]
        },
        "recall": {
          "mean": 0.6,
          "std": 0.0,
          "per_run": [
            0.6,
            0.6,
            0.6
          ]
        },
        "f1": {
          "mean": 0.7058823529411763,
          "std": 1.3597399555105182e-16,
          "per_run": [
            0.7058823529411764,
            0.7058823529411764,
            0.7058823529411764
          ]
        }
      }
    },
    "sum_confusion_matrix": {
      "performance": {
        "performance": 27,
        "maintainability": 3,
        "other": 0,
        "security": 0
      },
      "maintainability": {
        "performance": 3,
        "maintainability": 18,
        "other": 9,
        "security": 0
      },
      "other": {
        "performance": 8,
        "maintainability": 0,
        "other": 138,
        "security": 4
      },
      "security": {
        "performance": 0,
        "maintainability": 0,
        "other": 0,
        "security": 36
      }
    },
    "mean_confusion_matrix": {
      "performance": {
        "performance": 9.0,
        "maintainability": 1.0,
        "other": 0.0,
        "security": 0.0
      },
      "maintainability": {
        "performance": 1.0,
        "maintainability": 6.0,
        "other": 3.0,
        "security": 0.0
      },
      "other": {
        "performance": 2.6666666666666665,
        "maintainability": 0.0,
        "other": 46.0,
        "security": 1.3333333333333333
      },
      "security": {
        "performance": 0.0,
        "maintainability": 0.0,
        "other": 0.0,
        "security": 12.0
      }
    }
  },
  "rqc_end_to_end_pipeline": {
    "title": "RQc: Full two-step pipeline",
    "identification_metrics": {
      "nfr": {
        "precision": {
          "mean": 1.0,
          "std": 0.0,
          "per_run": [
            1.0,
            1.0,
            1.0
          ]
        },
        "recall": {
          "mean": 0.6585365853658537,
          "std": 0.0,
          "per_run": [
            0.6585365853658537,
            0.6585365853658537,
            0.6585365853658537
          ]
        },
        "f1": {
          "mean": 0.7941176470588235,
          "std": 0.0,
          "per_run": [
            0.7941176470588235,
            0.7941176470588235,
            0.7941176470588235
          ]
        }
      },
      "fr_supplementary": {
        "precision": {
          "mean": 0.0,
          "std": 0.0,
          "per_run": [
            0.0,
            0.0,
            0.0
          ]
        },
        "recall": {
          "mean": 0.0,
          "std": 0.0,
          "per_run": [
            0.0,
            0.0,
            0.0
          ]
        },
        "f1": {
          "mean": 0.0,
          "std": 0.0,
          "per_run": [
            0.0,
            0.0,
            0.0
          ]
        }
      },
      "sum_confusion_matrix": {
        "FR": {
          "FR": 0,
          "NFR": 0
        },
        "NFR": {
          "FR": 84,
          "NFR": 162
        }
      },
      "mean_confusion_matrix": {
        "FR": {
          "FR": 0.0,
          "NFR": 0.0
        },
        "NFR": {
          "FR": 28.0,
          "NFR": 54.0
        }
      }
    },
    "target_category_metrics": {
      "performance": {
        "precision": {
          "mean": 0.875,
          "std": 0.0,
          "per_run": [
            0.875,
            0.875,
            0.875
          ]
        },
        "recall": {
          "mean": 0.6999999999999998,
          "std": 1.3597399555105182e-16,
          "per_run": [
            0.7,
            0.7,
            0.7
          ]
        },
        "f1": {
          "mean": 0.7777777777777777,
          "std": 0.0,
          "per_run": [
            0.7777777777777777,
            0.7777777777777777,
            0.7777777777777777
          ]
        }
      },
      "security": {
        "precision": {
          "mean": 1.0,
          "std": 0.0,
          "per_run": [
            1.0,
            1.0,
            1.0
          ]
        },
        "recall": {
          "mean": 0.5,
          "std": 0.0,
          "per_run": [
            0.5,
            0.5,
            0.5
          ]
        },